{
  "baseline_hit_rate": 0.8807339449541285,
  "hybrid_hit_rate": 0.8899082568807339,
  "improvement": 0.00917431192660545,
  "num_questions": 109,
  "top_k": 5
}